<?xml version="1.0" encoding="utf-8" ?><dwsync><file name="poem.jpg" server="ftp.mnci.nl/public/sites/www.mnci.nl/loi/" local="3421637503" remote="12011572952" /><file name="Robert_burns.jpg" server="ftp.mnci.nl/public/sites/www.mnci.nl/loi/" local="3421637503" remote="12011572952" /><file name="Robert_Burns_1.jpg" server="ftp.mnci.nl/public/sites/www.mnci.nl/loi/" local="3421637503" remote="12011572952" /><file name="CKD-047x100.jpg" server="ftp.mnci.nl/public/sites/www.mnci.nl/loi/" local="3421637501" remote="12011572952" /><file name="akd-269.jpg" server="ftp.mnci.nl/public/sites/www.mnci.nl/loi/" local="3421637500" remote="12011572952" /><file name="ckd-201.jpg" server="ftp.mnci.nl/public/sites/www.mnci.nl/loi/" local="3421637502" remote="12011572952" /><file name="ckd-213.jpg" server="ftp.mnci.nl/public/sites/www.mnci.nl/loi/" local="3421637502" remote="12011572952" /><file name="ckd-199.jpg" server="ftp.mnci.nl/public/sites/www.mnci.nl/loi/" local="3421637502" remote="12011572952" /><file name="ckd-200.jpg" server="ftp.mnci.nl/public/sites/www.mnci.nl/loi/" local="3421637502" remote="12011572952" /><file name="akp-175.jpg" server="ftp.mnci.nl/public/sites/www.mnci.nl/loi/" local="3421637500" remote="12011572952" /><file name="ckd-156.jpg" server="ftp.mnci.nl/public/sites/www.mnci.nl/loi/" local="3421637501" remote="12011572952" /><file name="ckd-143.jpg" server="ftp.mnci.nl/public/sites/www.mnci.nl/loi/" local="3421637501" remote="12011572952" /><file name="ckd-107.jpg" server="ftp.mnci.nl/public/sites/www.mnci.nl/loi/" local="3421637501" remote="12011572952" /><file name="ckd-099.jpg" server="ftp.mnci.nl/public/sites/www.mnci.nl/loi/" local="3421637501" remote="12011572952" /><file name="ckd-088.jpg" server="ftp.mnci.nl/public/sites/www.mnci.nl/loi/" local="3421637501" remote="12011572952" /><file name="ckd-086.jpg" server="ftp.mnci.nl/public/sites/www.mnci.nl/loi/" local="3421637501" remote="12011572952" /><file name="ckd-083.jpg" server="ftp.mnci.nl/public/sites/www.mnci.nl/loi/" local="3421637501" remote="12011572952" /><file name="ckd-062.jpg" server="ftp.mnci.nl/public/sites/www.mnci.nl/loi/" local="3421637501" remote="12011572952" /><file name="ckd-051.jpg" server="ftp.mnci.nl/public/sites/www.mnci.nl/loi/" local="3421637501" remote="12011572952" /><file name="ckd-047.jpg" server="ftp.mnci.nl/public/sites/www.mnci.nl/loi/" local="3421637501" remote="12011572952" /><file name="jquery_002.js" server="ftp.mnci.nl/public/sites/www.mnci.nl/loi/" local="3421637502" remote="12011572952" /><file name="just-listen.png" server="ftp.mnci.nl/public/sites/www.mnci.nl/loi/" local="3421637502" remote="12011572952" /><file name="logo_cd.gif" server="ftp.mnci.nl/public/sites/www.mnci.nl/loi/" local="3421637502" remote="12011572952" /><file name="logo_download.gif" server="ftp.mnci.nl/public/sites/www.mnci.nl/loi/" local="3421637502" remote="12011572952" /><file name="logo_hdcd.gif" server="ftp.mnci.nl/public/sites/www.mnci.nl/loi/" local="3421637503" remote="12011572952" /><file name="search.gif" server="ftp.mnci.nl/public/sites/www.mnci.nl/loi/" local="3421637503" remote="12011572952" /></dwsync>